primary_diagnosis_id,primary_diagnosis_code,primary_diagnosis_desc
263d1cedc3dfd6bc7b3bad82acc12601,D3ea4d3,Consider choose various low as model in heart.
7e5892d705aa97070002ea7eee6e32bc,D1192b8,Attention mother because southern again according.
a322cbc00816f08d86efe3dc3b392937,Db39f83,Play until war allow.
5df6f0794f6298d493456fd1c3671afc,D731bc1,Let respond smile.
4da02e3a1a6cd21dff9d1be33fc36673,Dc6cdda,Mind item off.
25351bbbbb1f0ef6dd4472d2b846c6d4,Dff474b,Why since hope develop relationship everybody.
63ca4108c2bc0e2545e0d3e1022c4cdf,Dcfb195,Owner plan senior woman back.
f5d7dfd0b929836dd87a699f51e92a5e,D494059,Resource appear vote.
ac1f33aa743e180b116aec8f4705afa3,Dd3433e,The expert society fund.
5c6135f5e752badbe26a742a95f90cc6,D665423,Include appear street join.
